{"cameraMode":{"drawMode":0,"name":"Shaded","section":"Shading Mode"},"sceneLighting":false,"audioPlay":false,"sceneViewState":{"m_AlwaysRefresh":false,"showFog":true,"showSkybox":false,"showFlares":true,"showImageEffects":true,"showParticleSystems":true,"showVisualEffectGraphs":true,"m_FxEnabled":true},"in2DMode":false,"pivot":{"x":-0.5501146912574768,"y":1.3802822828292847,"z":-0.09621644765138626},"rotation":{"x":0.1459045112133026,"y":-0.8013888001441956,"z":0.2184823900461197,"w":0.5375775694847107},"size":0.6928203105926514,"orthographic":false}