{"cameraMode":{"drawMode":0,"name":"Shaded","section":"Shading Mode"},"sceneLighting":false,"audioPlay":false,"sceneViewState":{"m_AlwaysRefresh":false,"showFog":true,"showSkybox":false,"showFlares":true,"showImageEffects":true,"showParticleSystems":true,"showVisualEffectGraphs":true,"m_FxEnabled":true},"in2DMode":false,"pivot":{"x":1.1574199199676514,"y":0.5578337907791138,"z":0.17203563451766969},"rotation":{"x":0.12827427685260774,"y":-0.6797869801521301,"z":0.1232350543141365,"w":0.7116779685020447},"size":0.05000000074505806,"orthographic":false}