{"cameraMode":{"drawMode":0,"name":"Shaded","section":"Shading Mode"},"sceneLighting":true,"audioPlay":false,"sceneViewState":{"m_AlwaysRefresh":false,"showFog":true,"showSkybox":true,"showFlares":true,"showImageEffects":true,"showParticleSystems":true,"showVisualEffectGraphs":true,"m_FxEnabled":true},"in2DMode":false,"pivot":{"x":-19.565866470336915,"y":12.152024269104004,"z":95.59532165527344},"rotation":{"x":-0.016811294481158258,"y":0.0005154795362614095,"z":-0.00045395325287245214,"w":-1.0000638961791993},"size":29.802623748779298,"orthographic":false}