{"cameraMode":{"drawMode":0,"name":"Shaded","section":"Shading Mode"},"sceneLighting":true,"audioPlay":false,"sceneViewState":{"m_AlwaysRefresh":false,"showFog":true,"showSkybox":true,"showFlares":true,"showImageEffects":true,"showParticleSystems":true,"showVisualEffectGraphs":true,"m_FxEnabled":true},"in2DMode":false,"pivot":{"x":0.36706143617630007,"y":0.04543967545032501,"z":18.925487518310548},"rotation":{"x":-0.18224075436592103,"y":0.02271259017288685,"z":-0.004182182718068361,"w":-0.9830090403556824},"size":11.411661148071289,"orthographic":false}